Epoch,MSE,PSNR,Time_Per_Epoch
0,36.024795951782224,-15.566015296035566,975.0175201892853
1,25.85538966946411,-14.125510874580314,979.5460302829742
2,21.031654478759766,-13.228734382941683,979.5878841876984
3,18.281290283439635,-12.620068447458653,980.2288467884064
4,16.442836179412843,-12.159767299213742,955.5919964313507
5,15.14119915286255,-11.801602717854562,952.5049152374268
6,14.161462137725831,-11.511080955545934,952.6400971412659
